country;ISO;ISO2;region;subregion;population;surfacearea;GINIindex;happyplanetindex;humandevelopmentindex;worldhappinessreportscore;sustainableeconomicdevelopmentassessment;womenMPs;GDP;GDPpercapita;GDPgrowth;Inflation;healthexpenditure;healthexpenditureperperson;educationexpenditure;educationexpenditureperperson;schoollifeexpectancy;Unemployment;governmentspendingscore;governmentexpenditure;politicalrightsscore;civillibertiesscore;freedomscore;politicalstabilityandabsenceofviolence;governmenteffectiveness;regulatoryquality;ruleoflaw;controlofcorruption;worldgovernanceindicatorsaverage;judicialeffectivenessscore;governmentintegrityscore;propertyrightsscore;taxburdenscore;overalleconomicfreedomscore;financialfreedomscore;EFConsPerCap;EFConsTotGHA;renewableenergy;co2emissions
Afghanistan;AFG;AF;Asia;Southern Asia;36000000;652230;-;20.2;0.498;2.66;-;27.7;64.1;1919;1.5;4.4;10.3;184;3.8;24;11;8.5;79.3;26.3;5;6;5.5;-2.78;-1.3;-1.3;-1.57;-1.52;-1.694;28.2;26.2;17.9;91.8;51.3;10;0.77;24424655.11;86.05;9809
Albania;ALB;AL;Europe;Southern Europe;2900000;27398;29;36.8;0.785;4.64;53.1;27.9;34.2;11840;2.6;1.3;6.8;774;-;-;16;16.3;72.7;30.1;3;3;3;0.4;0.1;0.2;-0.4;-0.42;-0.024;25.4;39.9;54.1;85.1;64.5;70;2.14;6188638.63;100.00;5717
Algeria;DZA;DZ;Africa;Northern Africa;41000000;2381740;35.3;33.3;0.754;5.25;45.8;25.8;612.5;15027;3.7;6.4;7.1;1031;-;-;14;11.2;45.9;42.5;6;5;5.5;-0.96;-0.6;-1.2;-0.86;-0.61;-0.846;35.2;29;27.8;74;44.7;30;2.45;95340572.50;0.32;145400
Andorra;AND;AD;Europe;Southern Europe;77000;468;-;-;0.858;-;-;32.1;-;-;-;-;12;5949;3;-;-;-;-;-;1;1;1;1.45;1.9;1.2;1.6;1.24;1.478;-;-;-;-;-;-;-;-;86.12;462
Angola;AGO;AO;Africa;Sub-Saharan Africa;30000000;1246700;42.7;-;0.581;-;28.4;38.2;187.3;6844;3;32.4;2.9;196;-;-;10;6.6;69.1;32.1;6;6;6;-0.29;-1;-1;-1.1;-1.41;-0.96;25.4;18.9;36;82.4;48.6;40;1.56;37767604.80;53.17;34763
Antigua and Barbuda;ATG;AG;Americas;Latin America and the Caribbean;102000;443;-;-;0.78;-;-;11.1;-;-;-;-;4.8;1105;-;-;14;-;-;-;2;2;2;0.76;0;0.3;0.44;0.24;0.348;-;-;-;-;-;-;4.18;380368.67;0.00;532
Argentina;ARG;AR;Americas;Latin America and the Caribbean;44000000;2736690;41.7;35.2;0.825;6.04;57.3;38.9;874.1;20048;1.2;58.4;2.9;1390;5.4;657;17;6.6;55.6;38.5;2;2;2;0.18;0.2;-0.3;-0.25;-0.26;-0.086;44.5;32.6;40.8;65.7;52.3;60;3.69;158584521.33;28.14;204025
Armenia;ARM;AM;Asia;Western Asia;3000000;28203;31.5;25.7;0.755;4.29;51.7;18.1;25.8;8621;3;-1.4;10.1;883;2.2;90;13;16.8;80;25.8;5;4;4.5;-0.71;-0.1;0.3;-0.16;-0.56;-0.246;47.4;40.5;55.3;84.7;68.7;70;2.02;6068198.90;28.34;5530
Australia;AUS;AU;Oceania;Australia and New Zealand;25000000;7682300;30.3;21.2;0.939;7.26;78.9;28.7;1187.3;48899;2.5;1.3;9.4;4492;5.2;3236;20;5.7;61.2;36;1;1;1;0.9;1.5;1.9;1.68;1.8;1.556;93.4;77.4;78.7;63;80.9;90;6.89;162657858.83;13.64;361262
Austria;AUT;AT;Europe;Western Europe;9000000;82445;30.5;30.5;0.908;7.29;80.3;30.6;417.2;48005;0.9;1;10.3;5138;5.4;2817;16;6.1;19.4;51.8;1;1;1;1.04;1.5;1.4;1.81;1.53;1.456;80.9;73.5;83.5;49.9;71.8;70;5.88;50049029.10;76.49;58712
Azerbaijan;AZE;AZ;Asia;Western Asia;10000000;82629;33.7;-;0.757;5.15;51.1;16.8;165.5;17439;1.1;12.4;6.7;1191;2.6;208;13;5.1;59.4;36.8;7;6;6.5;-0.76;-0.2;-0.3;-0.56;-0.88;-0.54;36.8;39.9;53.6;87.5;64.3;60;2.17;20892626.35;7.04;37488
Bahamas;BHS;BS;Americas;Latin America and the Caribbean;400000;10010;-;-;0.807;-;60.4;12.8;9;24555;0.5;0.4;7.4;1699;-;-;-;15.3;82.9;23.8;1;1;1;1;0.6;0.1;0.19;1.17;0.612;53.5;50.9;46.5;96.5;63.3;60;4.82;1847637.76;0.00;2417
Bahrain;BHR;BH;Asia;Western Asia;1300000;760;-;-;0.846;6.23;63.9;7.5;66.9;50704;3.2;2.8;5.2;2453;2.5;616;-;1.3;66.4;33.4;7;6;6.5;-0.95;0.2;0.4;0.45;-0.14;-0.008;55.1;51.8;62.1;99.9;67.7;80;8.71;11863870.35;0.00;31338
Bangladesh;BGD;BD;Asia;Southern Asia;165000000;130170;32.1;38.4;0.608;4.31;35.3;20.3;628.4;3891;6.4;6.4;2.6;88;-;-;10;4.1;94.2;13.9;4;4;4;-1.25;-0.7;-0.8;-0.67;-0.83;-0.85;32.6;21.2;32.4;72.7;55.1;30;0.79;126407876.64;1.23;73190
Barbados;BRB;BB;Americas;Latin America and the Caribbean;300000;430;-;-;0.8;-;60.8;16.7;4.8;17100;0.5;0.3;7.5;1234;6.2;1013;15;11.4;39.3;45;1;1;1;0.98;0.8;0.5;0.66;1.42;0.872;54.4;53.8;51.4;74;57;60;3.55;1006819.36;0.00;1272
Belarus;BLR;BY;Europe;Eastern Europe;10000000;202900;26.5;21.7;0.808;5.55;59.9;34.5;171;18000;-3.9;11.8;6.1;1085;4.8;401;16;0.5;47.9;41.7;6;6;6;0.03;-0.4;-0.7;-0.82;-0.26;-0.43;57.3;42;53.5;89.8;58.1;10;4.69;44582861.27;0.82;63498
Belgium;BEL;BE;Europe;Western Europe;11000000;30278;25.9;23.7;0.916;6.93;77.5;38;509.5;45047;1.4;1.8;10.5;4782;6.6;3124;20;8.3;12.1;54.1;1;1;1;0.42;1.2;1.2;1.34;1.5;1.132;69.5;70.9;81.2;44;67.5;70;6.71;75279168.21;20.80;93351
Belize;BLZ;BZ;Americas;Latin America and the Caribbean;400000;22806;-;33.8;0.708;-;48.5;9.4;3.1;8220;1.5;1.2;6.2;524;6.5;314;13;11;65.5;33.9;1;2;1.5;0.05;-0.6;-0.5;-0.96;-0.27;-0.456;53.5;34.7;42.1;80;57.1;50;5.19;1826705.03;45.24;495
Benin;BEN;BJ;Africa;Sub-Saharan Africa;11000000;110622;36.5;13.4;0.515;4.85;34.5;7.2;23.6;2119;5.2;-0.8;4;84;4.3;41;12;1;85.6;21.9;2;2;2;0.05;-0.6;-0.5;-0.62;-0.55;-0.444;31.3;30.2;35.5;67.4;56.7;50;1.36;14368246.41;5.56;6318
Bhutan;BTN;BT;Asia;Southern Asia;800000;38394;38.8;28.6;0.612;-;47.7;8.5;6.5;8227;7.7;4.2;3.5;287;5.9;148;13;2.4;72.2;30.5;3;4;3.5;1.13;0.6;-0.3;0.63;1.57;0.726;51.6;50.9;60.9;83;61.8;30;4.64;3545896.97;99.99;1001
Bolivia;BOL;BO;Americas;Latin America and the Caribbean;11000000;1083301;47;23.3;0.693;5.65;44.8;53.1;78.7;7219;4.8;3.6;6.4;446;7.3;228;-;3.7;46.5;42.2;3;3;3;-0.3;-0.4;-0.9;-1.21;-0.66;-0.694;11.4;23.1;19;85.7;44.1;40;3.07;32472254.03;31.40;20411
Bosnia and Herzegovina;BIH;BA;Europe;Southern Europe;3900000;51187;33.8;25.3;0.768;5.09;50.2;21.4;42.2;10958;2.8;-1.1;9.4;1102;-;-;14;25.8;41.5;44.1;4;4;4;-0.38;-0.5;-0.2;-0.21;-0.52;-0.362;43.7;28.4;39.5;83.5;61.4;60;3.29;12560781.67;35.52;22233
Botswana;BWA;BW;Africa;Sub-Saharan Africa;2200000;566730;60.5;16.6;0.717;3.5;44.1;9.5;36.7;17042;-0.3;2.8;6;970;-;-;13;18.4;63.4;34.9;3;2;2.5;1.03;0.4;0.5;0.51;0.8;0.648;54.7;56.6;57.7;76.1;69.9;70;2.54;5631624.15;0.03;7033
Brazil;BRA;BR;Americas;Latin America and the Caribbean;209000000;8358140;49;34.3;0.759;6.33;51.6;10.7;3141.3;15242;-3.8;8.7;8.9;1392;5.9;715;15;11.5;50.7;40.5;2;2;2;-0.41;-0.3;-0.1;-0.28;-0.53;-0.324;55.5;31.4;55.8;70.6;51.4;50;3.08;634245134.41;73.97;529808
Brunei;BRN;BN;Asia;South-eastern Asia;400000;5265;-;-;0.853;-;72.5;9.1;32.5;76884;-0.2;-0.7;2.6;2083;3.4;1393;15;2;57.7;37.5;6;5;5.5;1.19;1.1;0.7;0.65;0.71;0.87;57.1;45.4;56.6;85.6;64.2;50;5.55;2314617.43;0.05;9109
Bulgaria;BGR;BG;Europe;Eastern Europe;7000000;108489;40.2;20.4;0.813;-;59.9;23.8;144.6;20327;3;-1.3;8.2;1492;-;-;15;8;60.5;36.3;2;2;2;0.37;0.3;0.6;-0.04;-0.16;0.214;42.5;38.2;63.6;90.9;68.3;60;3.17;22824791.69;17.99;42416
Burkina Faso;BFA;BF;Africa;Sub-Saharan Africa;19000000;273800;39.5;17.9;0.423;4.65;33.4;11;32.8;1782;4;0.7;5.4;96;4.6;32;8;3;83.7;23.3;4;3;3.5;-0.92;-0.6;-0.4;-0.4;-0.11;-0.486;47.1;31.8;42.1;80.6;60;40;1.31;23070406.06;9.35;2849
Burundi;BDI;BI;Africa;Sub-Saharan Africa;11000000;25680;42.4;15.6;0.417;-;28.3;36.4;7.9;814;-4.1;5.5;8.2;64;-;-;11;1.6;78.6;26.7;7;6;6.5;-1.97;-1.3;-0.8;-1.4;-1.28;-1.35;21.7;26.2;17.6;71;50.9;30;0.60;6541996.66;82.71;440
Cabo Verde;CPV;CV;Africa;Sub-Saharan Africa;500000;4033;-;-;0.654;-;-;23.6;3.5;6662;1.8;-1.5;4.9;310;5;175;13;10.5;71.5;30.8;1;1;1;0.9;0.2;-0.2;0.41;0.84;0.43;52;42.8;42.1;74;60;60;1.63;838832.45;20.21;491
Cambodia;KHM;KH;Asia;South-eastern Asia;16000000;176515;37.9;25.6;0.582;4.59;38.5;20.3;59;3737;6.9;3;6;210;1.9;21;11;0.3;86.5;21.2;6;5;5.5;0.17;-0.7;-0.5;-1.06;-1.29;-0.676;24.5;17.7;36;89.8;58.7;50;1.32;20199554.11;46.42;6685
Cameroon;CMR;CM;Africa;Sub-Saharan Africa;24000000;472710;44.6;16.7;0.556;5.07;32.1;31.1;76.9;3249;5.9;0.9;5.1;163;-;-;12;4.5;86.1;21.6;6;6;6;-1.08;-0.8;-0.8;-1.02;-1.18;-0.976;29.4;23.4;40.6;73.7;51.9;50;1.27;29015538.56;76.12;7004
Canada;CAN;CA;Americas;Northern America;37000000;9093507;32.1;23.9;0.926;-;76.9;26.3;1682.4;46437;1.2;1.4;10.4;4600;-;-;-;7.1;52.3;39.9;1;1;1;1.11;1.9;1.9;1.8;1.92;1.726;77.1;78.3;87.5;76.7;77.7;80;8.05;286470679.94;63.01;537193
Central African Republic;CAF;CF;Africa;Sub-Saharan Africa;4900000;622984;43.6;-;0.367;3.48;16.1;8.6;3.2;652;4.3;4.6;4.8;32;-;-;7;6.9;94.6;13.4;7;7;7;-1.94;-1.8;-1.5;-1.73;-1.17;-1.628;28.2;24.6;17.9;64.6;49.2;30;1.12;5402826.14;99.42;301
Chad;TCD;TD;Africa;Sub-Saharan Africa;15000000;1259200;43.3;12.8;0.404;4.56;20.4;12.8;29;2445;1.8;-1.1;4.6;100;-;-;7;5.8;90.5;17.7;7;6;6.5;-1.34;-1.5;-1.2;-1.3;-1.43;-1.354;24.1;23.1;25.1;44.8;49.3;40;1.64;22264041.57;0.00;730
Chile;CHL;CL;Americas;Latin America and the Caribbean;18000000;743812;50.5;31.7;0.843;6.32;62.6;15.8;438.8;24113;2.1;3.8;8.1;1903;4.7;699;16;6.6;81.3;25;1;1;1;0.38;0.9;1.3;1.01;1.04;0.926;63.4;61.2;67.9;78;75.2;70;4.03;71519335.37;43.60;82563
China;CHN;CN;Asia;Eastern Asia;1386000000;9326410;46.5;25.7;0.752;5.1;50.8;24.2;21291.8;15399;6.9;2;5.3;762;-;-;14;4.6;71.6;30.7;7;6;6.5;-0.25;0.4;-0.2;-0.26;-0.27;-0.116;65.4;47.3;46.7;70.4;57.8;20;3.71;5196177567.33;23.93;10291927
Colombia;COL;CO;Americas;Latin America and the Caribbean;49000000;1038700;51.1;40.7;0.843;6.16;49.1;18.7;688.8;14130;3.1;7.5;6.2;853;4.7;369;14;9.9;74.4;29.2;3;3;3;-0.79;-0.1;0.3;-0.36;-0.37;-0.264;36.4;33.4;60.7;80.3;68.9;70;1.91;91443055.62;68.24;84092
Comoros;COM;KM;Africa;Sub-Saharan Africa;800000;2235;55.9;23.1;0.752;-;-;6.1;1.3;1529;1;2;8;121;4.9;41;11;20;77.8;27.2;3;4;3.5;0.03;-1.6;-1;-1.05;-0.68;-0.86;28.2;27.5;36.7;59.7;56.2;30;0.85;651190.50;0.00;154
Congo Dem. Rep.;COD;CD;Africa;Sub-Saharan Africa;81000000;2267048;42.1;-;0.457;4.31;24.8;8.9;65;773;7.7;22.4;4.3;34;-;-;9;3.6;94.8;13.2;7;6;6.5;-2.3;-1.6;-1.5;-1.69;-1.42;-1.702;23.9;27.3;24.1;73.2;52.1;20;0.76;56660548.54;99.82;4672
Congo Rep.;COG;CG;Africa;Sub-Saharan Africa;4500000;341500;48.9;18.8;0.606;4.88;32.7;11.3;29.8;6676;2.5;3.6;3.4;203;-;-;11;11.2;33.4;47.1;7;5;6;-0.53;-1.2;-1.3;-1.1;-1.33;-1.092;28.2;24.6;32.4;60.8;38.9;30;1.21;5473323.15;53.34;3095
Costa Rica;CRI;CR;Americas;Latin America and the Caribbean;4900000;51060;48.5;44.7;0.794;7.23;58.9;35.1;80.7;16436;3.7;0;8.1;1286;6.9;729;15;9;88.9;19.3;1;1;1;0.51;0.3;0.5;0.45;0.47;0.446;57.8;51.8;54.8;79.3;65.6;50;2.51;11944564.68;99.00;7759
Cote d'Ivoire;CIV;CI;Africa;Sub-Saharan Africa;24000000;318003;41.5;14.4;0.794;5.04;30.5;10.6;87.8;3609;8.6;1;5.4;190;4.6;72;9;9.3;84.6;22.6;4;4;4;-1.09;-0.7;-0.4;-0.63;-0.52;-0.668;44.2;36.6;39.4;76.4;62;50;1.30;28887176.71;16.73;11045
Croatia;HRV;HR;Europe;Southern Europe;4200000;55974;30.8;30.2;0.831;5.34;64.5;18.5;95.1;22795;1.6;-1.1;7.4;1656;-;-;15;13.5;32.5;47.4;1;2;1.5;0.75;0.6;0.4;0.33;0.19;0.454;56.5;40.5;65.9;66;61;60;3.63;15457419.88;66.83;16843
Cuba;CUB;CU;Americas;Latin America and the Caribbean;11000000;109820;-;-;0.777;-;-;48.9;142;12390;4.3;4.5;-;-;-;-;14;2.9;0;62.4;7;6;6.5;0.69;-0.2;-1.3;-0.43;0.27;-0.194;10;38.1;29.7;49;31.9;10;1.91;21693943.79;3.95;34837
Cyprus;CYP;CY;Asia;Western Asia;800000;9241;34.8;30.7;0.869;6.06;65.9;17.9;29.7;34970;1.6;-1.2;6.8;2137;-;-;15;11.7;52.9;39.6;1;1;1;0.6;0.9;1;0.88;0.78;0.832;56.7;41.3;71.2;75.2;67.8;60;3.32;3832761.08;8.78;6062
Czech Republic;CZE;CZ;Europe;Eastern Europe;11000000;77247;-;27.3;0.888;6.79;71.1;20;350.7;33232;4.2;0.7;7.3;2470;-;-;17;4;48.6;41.4;1;1;1;1.02;1;1.2;1.12;0.57;0.982;57.9;51.1;73;82.9;74.2;80;5.60;59039113.09;11.40;96475
Denmark;DNK;DK;Europe;Northern Europe;6000000;42434;29;32.7;0.929;7.59;82;37.4;273.9;47985;1.2;0.3;10.3;5083;-;-;19;6.1;10.6;54.6;1;1;1;0.87;1.8;1.6;1.86;2.19;1.664;83.6;84.1;84.8;41.4;76.6;80;7.13;40246094.19;65.51;33498
Djibouti;DJI;DJ;Africa;Sub-Saharan Africa;1000000;23180;40.9;16.4;0.476;-;-;10.8;3.3;3370;6.5;3;4.4;147;-;-;6;6.6;27.2;49.3;6;5;5.5;-0.71;-1;-0.6;-0.91;-0.64;-0.772;13.8;29;19;69.8;45.1;50;2.94;2573622.67;0.00;722
Dominica;DMA;DM;Americas;Latin America and the Caribbean;100000;751;-;-;0.715;-;-;25;0.8;11375;-4.3;0;5.4;586;-;-;-;-;64.8;34.2;1;1;1;1.04;-0.3;0.1;0.65;0.65;0.428;69.2;49.9;48.6;72.9;64.5;30;2.53;182919.11;16.18;136
Dominican Republic;DOM;DO;Americas;Latin America and the Caribbean;11000000;48320;47.1;30.3;0.736;5.61;48.1;26.8;161.8;16050;7;1.6;6.2;873;-;-;13;14.4;90.6;17.7;3;3;3;0.16;-0.4;-0.1;-0.42;-0.74;-0.3;23.1;26.2;51.7;84.6;61.6;40;1.59;16535065.45;11.63;21540
Ecuador;ECU;EC;Americas;Latin America and the Caribbean;17000000;276841;45.9;37;0.752;5.84;48.1;38;183.6;11109;0;1.7;6.8;980;-;-;15;5.4;52.5;39.8;3;3;3;-0.1;-0.3;-1;-0.7;-0.6;-0.54;23.3;30.2;36.7;79.4;48.5;40;2.04;32490246.41;52.80;43920
Egypt;EGY;EG;Africa;Northern Africa;98000000;995450;31.8;23.8;0.696;3.93;43.1;14.9;1132.4;12554;4.2;10.2;7.3;495;-;-;13;12;65.1;34.1;6;6;6;-1.42;-0.6;-0.9;-0.53;-0.54;-0.798;52.5;32.2;32.7;84.2;53.4;50;1.98;177737949.61;8.26;201894
El Salvador;SLV;SV;Americas;Latin America and the Caribbean;6000000;20721;36;35.6;0.674;6.34;47.2;32.1;54.8;8909;2.4;0.6;10.3;578;3.4;124;13;6.3;86.3;21.3;2;3;2.5;-0.25;-0.4;-0.2;-0.86;-0.51;-0.444;35.4;25.2;37.3;78.9;63.2;60;2.00;12201946.86;57.82;6285
Equatorial Guinea;GNQ;GQ;Africa;Sub-Saharan Africa;800000;28051;-;-;0.591;-;-;24;31.7;38639;-12.2;1.4;4.4;790;-;-;-;7.3;61;36.1;7;7;7;-0.15;-1.4;-1.4;-1.49;-1.83;-1.254;17.6;26.2;29.8;69.6;42;30;3.02;2478944.84;57.83;5346
Eritrea;ERI;ER;Africa;Sub-Saharan Africa;5000000;101000;-;-;0.44;-;-;22;9.2;1410;4.8;9;5.4;56;-;-;5;7.3;75.6;28.5;7;7;7;-0.66;-1.7;-2.2;-1.56;-1.2;-1.464;13.8;23.4;35.5;79.9;41.7;20;0.50;2569488.00;0.49;697
Estonia;EST;EE;Europe;Northern Europe;1300000;42388;34.8;17.9;0.871;5.94;70.8;26.7;38.5;29313;1.1;0.8;6.2;1887;-;-;16;6.9;52.6;39.8;1;1;1;0.66;1.1;1.6;1.28;1.24;1.176;83.9;75.7;80.4;80.7;78.8;80;6.97;9167693.13;14.42;19519
Eswatini;SWZ;SZ;Africa;Sub-Saharan Africa;1100000;17204;50.4;15.5;0.588;-;-;6.2;11.1;9776;1.7;8;7;-;-;-;11;25.3;65.2;34.1;7;6;6.5;-0.3;-0.6;-0.6;-0.29;-0.3;-0.418;35.3;26.9;55.3;74.8;55.9;40;2.40;3043446.72;46.57;1203
Ethiopia;ETH;ET;Africa;Sub-Saharan Africa;105000000;1000000;33;26.7;0.463;4.18;32.3;38.8;177.5;1946;10.2;7.3;4;66;-;-;8;5.7;90.6;17.7;7;6;6.5;-1.69;-0.7;-1;-0.45;-0.56;-0.88;37.6;37.7;31.1;76.5;52.8;20;1.09;105567422.17;99.96;11599
Fiji;FJI;FJ;Oceania;Melanesia;900000;18274;-;-;0.741;-;49;16;8.3;9268;4.3;3.9;3.6;331;-;-;-;7.9;68.2;32.6;3;3;3;0.79;0.1;-0.2;-0.25;0.36;0.16;47.1;34.8;68.3;81.4;62;50;3.90;3454742.58;45.02;1170
Finland;FIN;FI;Europe;Northern Europe;6000000;303815;27.2;31.3;0.92;7.79;81.3;42;231.4;42165;0.4;0.4;9.4;3669;7.2;3570;19;9;2.3;57.1;1;1;1;1.07;1.9;1.8;2.03;2.22;1.804;82.7;89.8;89;66.5;74.1;80;6.09;33393709.85;44.50;47301
France;FRA;FR;Europe;Western Europe;67000000;549970;29.3;30.4;0.901;6.64;73.9;39;2733.7;42314;1.1;0.3;11.1;4542;5.5;2373;16;10;2.7;57;1;2;1.5;0.21;1.4;1.2;1.44;1.26;1.102;72.7;65.1;84;47.3;63.9;70;4.70;301424461.04;15.86;303276
Gabon;GAB;GA;Africa;Sub-Saharan Africa;1900000;257667;42.2;17.5;0.702;4.78;40.9;17.1;35.9;19057;4;2.1;2.7;481;-;-;-;18.5;84.6;22.6;7;5;6;-0.09;-0.9;-0.8;-0.68;-0.81;-0.656;27.8;33.4;29.9;74.3;58;40;2.72;4582361.22;43.74;5192
Gambia;GMB;GM;Africa;Sub-Saharan Africa;2100000;10120;50.2;-;0.46;-;-;10.3;3.4;1667;4.4;7.2;6.6;-;-;-;9;29.7;74;29.4;4;5;4.5;-;-;-;-;-;-;38.8;36.8;34.4;71.9;52.3;50;0.96;1859988.25;0.00;513
Georgia;GEO;GE;Asia;Western Asia;3700000;69700;40.1;31.1;0.78;4.45;55.4;16;37.2;10044;2.8;2.1;7.9;718;-;-;15;11.6;73.3;29.8;3;3;3;-0.37;0.6;1.1;0.33;0.74;0.48;64.2;61.8;62.8;87;76.2;60;1.90;7655523.43;78.04;8988
Germany;DEU;DE;Europe;Western Europe;83000000;348672;27;29.8;0.936;7.07;79.6;37;3980.3;48111;1.5;0.4;11.2;5357;4.9;2369;17;4.3;41.3;44.2;1;1;1;0.58;1.7;1.8;1.61;1.84;1.506;78;75.3;81;61.3;74.2;70;5.05;407058581.35;29.23;719883
Ghana;GHA;GH;Africa;Sub-Saharan Africa;29000000;227533;42.3;21.4;0.592;5.48;40.2;12.7;121.7;4412;3.5;17.5;5.9;249;6.2;89;12;5.8;79;26.5;1;2;1.5;0.09;-0.1;-0.1;0.13;-0.23;-0.042;43.7;32.9;48.9;83.5;56;60;1.96;52375095.68;50.89;14466
Greece;GRC;GR;Europe;Southern Europe;11000000;130647;36.7;23.6;0.87;5.15;64.1;18.3;289.4;26669;-0.2;0;8.4;2204;-;-;18;23.9;20.9;51.3;2;2;2;-0.13;0.3;0.2;0.08;-0.14;0.062;59;37.9;52.3;60.4;57.3;40;4.29;47233131.80;28.66;67319
Grenada;GRD;GD;Americas;Latin America and the Caribbean;108000;344;-;-;0.772;-;-;33.3;-;-;-;-;5;677;-;-;17;-;-;-;1;2;1.5;1.03;-0.2;-0.1;0.44;0.48;0.33;-;-;-;-;-;-;3.10;329987.60;0.00;242
Guatemala;GTM;GT;Americas;Latin America and the Caribbean;17000000;107159;53;34.2;0.65;6.33;42.5;12.7;131.7;7899;4;4.5;5.7;444;2.9;108;11;2.4;95.3;12.5;4;4;4;-0.57;-0.6;-0.3;-1.06;-0.74;-0.654;33.1;27.3;40.4;79.2;63.4;50;1.84;29461884.79;60.39;18328
Guinea;GIN;GN;Africa;Sub-Saharan Africa;13000000;245717;39.4;-;0.459;4.87;28.3;21.9;16;1265;0.1;8.2;4.5;57;2.4;18;9;6.8;80.6;25.4;5;5;5;-0.61;-1;-0.8;-1.23;-1.01;-0.93;28.2;26.9;32.4;65.9;52.2;40;1.46;17952410.60;78.75;2450
Guinea-Bissau;GNB;GW;Africa;Sub-Saharan Africa;1700000;28120;-;-;0.455;-;-;13.7;2.9;1730;4.8;1.5;6.9;100;-;-;-;6.5;85.6;21.9;5;5;5;-0.6;-1.8;-1.2;-1.44;-1.56;-1.32;53.5;27.3;31.1;86.4;56.9;30;1.28;2303874.14;0.00;271
Guyana;GUY;GY;Americas;Latin America and the Caribbean;800000;196849;44.6;-;0.654;-;42.8;31.9;6;7873;3;0.8;4.5;336;-;-;10;11.4;70.8;31.2;2;3;2.5;-0.04;-0.3;-0.4;-0.29;-0.51;-0.308;42.5;34.8;42.1;68.4;58.7;30;2.87;2193907.27;0.00;2010
Haiti;HTI;HT;Americas;Latin America and the Caribbean;11000000;27560;60.8;28.6;0.498;3.82;24.2;2.5;19.4;1784;1;13.4;6.9;120;-;-;-;13.2;85.6;21.9;5;5;5;-0.7;-2.1;-1.3;-1.09;-1.24;-1.286;42.5;24.6;25.1;80.1;55.8;30;0.67;7116218.63;8.00;2860
Honduras;HND;HN;Americas;Latin America and the Caribbean;9000000;111890;47.1;27.2;0.617;6.02;41.9;25.8;43.2;5272;3.6;2.7;7.6;353;-;-;11;6.3;76.6;27.9;4;4;4;-0.55;-0.5;-0.4;-1.05;-0.72;-0.644;34.5;28.2;44.3;82.8;60.6;60;1.66;13226954.14;42.28;9472
Hungary;HUN;HU;Europe;Eastern Europe;10000000;89608;28.2;26.4;0.838;6.07;66.1;10.1;270.3;27482;2.9;0.4;7.2;1912;4.6;658;15;5.2;29.4;48.5;3;2;2.5;0.81;0.5;0.7;0.53;0.09;0.526;57.1;36.4;57.6;78.6;66.7;70;3.60;35639323.07;10.58;42086
Iceland;ISL;IS;Europe;Northern Europe;300000;100250;28;31.1;0.935;7.48;83.7;47.6;16.5;49136;4;1.7;8.6;4116;-;-;20;3.8;44.2;43.1;1;1;1;1.37;1.5;1.4;1.61;1.84;1.544;72.6;77.3;86.7;72.1;77;70;-;-;99.98;1984
India;IND;IN;Asia;Southern Asia;1339000000;2973193;35.2;29.2;0.64;4.05;40;11.8;8662.4;6616;7.3;4.9;3.9;238;-;-;12;3.5;77.7;27.3;2;3;2.5;-0.83;0.1;-0.3;0;-0.24;-0.254;54.3;47.2;55.4;79.4;54.5;40;1.12;1450832017.72;15.34;2238377
Indonesia;IDN;ID;Asia;South-eastern Asia;264000000;1811569;36.8;35.7;0.694;5.1;46.4;19.8;3032.1;11720;4.8;3.5;3.3;369;3.3;115;13;5.6;90.7;17.6;2;4;3;-0.51;0;-0.1;-0.35;-0.25;-0.242;45.2;42.8;49.3;83.7;64.2;60;1.61;409183923.24;10.65;464176
Iran;IRN;IR;Asia;Southern Asia;81000000;1531595;44.5;24;0.798;4.72;48;5.9;1454.5;18078;0;8.9;7.6;1262;2.8;155;15;11.3;91.1;17.2;6;6;6;-0.93;-0.2;-1.2;-0.68;-0.81;-0.764;35.3;32.6;32.5;81;50.9;10;3.40;266004549.06;5.10;649481
Iraq;IRQ;IQ;Asia;Western Asia;38000000;437367;-;26.5;0.685;4.46;37;25.3;647.2;17944;2.4;0.4;3.4;481;-;-;-;16;45.4;42.7;5;6;5.5;-2.33;-1.3;-1.2;-1.64;-1.37;-1.568;11.4;23.4;36.7;-;-;-;2.07;72898852.05;3.73;168444
Ireland;IRL;IE;Europe;Northern Europe;4700000;68883;31.3;30;0.938;7.06;80.3;22.2;324.9;69231;7.8;-0.2;7.8;5335;-;-;19;8.1;69.6;31.9;1;1;1;1.02;1.3;1.6;1.43;1.55;1.38;79;79;87.7;76.1;80.4;70;4.71;22004345.30;27.97;34066
Israel;ISR;IL;Asia;Western Asia;9000000;20330;42.8;28.8;0.903;7.33;66.5;27.5;300.6;35179;2.6;-0.5;7.4;2819;5.7;2154;16;5.6;51.8;40.1;1;3;2;-0.88;1.4;1.3;1.02;0.83;0.734;83.1;61.2;78.2;60.9;72.2;70;4.68;37153278.54;1.89;64602
Italy;ITA;IT;Europe;Southern Europe;61000000;294140;31.9;28.1;0.88;6.2;69.1;31;2234.5;36833;0.8;-0.1;9;3351;4.1;1443;16;11.5;24.1;50.3;1;1;1;0.24;0.5;0.7;0.32;0.19;0.39;60.9;40.1;71.2;55.2;62.5;50;4.29;256758748.96;38.68;320411
Jamaica;JAM;JM;Americas;Latin America and the Caribbean;2800000;10831;35;36.9;0.732;5.89;49.7;17.5;25.4;8976;1.1;3.8;5.9;511;6;292;-;13.3;77.2;27.6;2;3;2.5;0.25;0.5;0.1;-0.16;-0.17;0.104;56.6;39.4;60.9;80;69.1;50;1.77;4935449.92;10.26;7422
Japan;JPN;JP;Asia;Eastern Asia;127000000;364485;37.9;28.3;0.909;5.91;75.2;9.3;5237.8;41275;0.5;-0.1;10.9;4405;3.6;1368;15;3.1;54.1;39.1;1;1;1;1.12;1.6;1.4;1.57;1.52;1.442;73.2;79.2;86;67.4;72.3;60;4.74;601546485.66;15.98;1214048
Jordan;JOR;JO;Asia;Western Asia;10000000;88802;39.7;-;0.735;4.81;48.7;15.4;85.6;12278;2.5;-0.8;6.3;568;-;-;13;13.2;69.4;32;5;5;5;-0.53;0.1;0.1;0.26;1.17;0.22;57.3;51.9;57.6;92.4;64.9;60;2.14;15841181.21;0.97;26450
Kazakhstan;KAZ;KZ;Asia;Central Asia;18000000;2699700;26.3;19.1;0.8;5.88;57.7;27.1;451.3;25145;1.2;14.6;3.9;903;-;-;15;5.2;85.3;22.2;7;5;6;0.02;0;0.2;-0.41;0.26;0.014;58.1;44.6;56;92.6;69.1;50;5.81;100987087.18;8.87;248315
Kenya;KEN;KE;Africa;Sub-Saharan Africa;50000000;569140;48.5;24.2;0.59;4.48;35.4;21.8;152.8;3361;5.6;6.3;5.2;157;5.3;70;11;11;77.5;27.4;4;4;4;-1.08;-0.3;-0.2;-0.41;-0.82;-0.562;44;27.5;47.9;78.5;54.7;50;1.04;46618340.37;87.51;14287
Kiribati;KIR;KI;Oceania;Micronesia;100000;811;-;-;0.612;-;-;6.5;0.2;1823;4.2;1.9;7.6;152;-;-;12;-;0;117.6;1;1;1;0.9;-0.3;-0.8;0.53;-0.96;-0.126;35.3;37.9;45;72.4;50.8;30;5.84;645515.60;7.27;62
Kosovo;RKS;-;Europe;Southern Europe;1900000;10887;23.2;-;-;6.15;-;-;18.4;9600;3.3;0.3;-;-;-;-;-;-;77.9;27.1;3;4;3.5;-0.21;-0.4;-0.1;-0.42;0.48;-0.13;59;45.4;52.3;93.2;66.6;30;-;-;-;-
Kuwait;KWT;KW;Asia;Western Asia;4200000;17818;-;-;0.803;6.09;65.7;3.1;303.7;71887;0.9;3.2;4;2978;-;-;13;2.4;20.5;51.5;5;5;5;-0.04;-0.2;-0.1;0.1;-0.5;-0.148;53.5;36.6;52;97.7;62.2;60;7.65;28708188.48;0.00;95408
Kyrgyzstan;KGZ;KG;Asia;Central Asia;6000000;191801;33.4;33.1;0.672;5.63;45.4;19.2;21.5;3521;3.5;0.4;8.2;287;5.5;71;13;7.7;58.2;37.3;5;5;5;-0.43;-0.7;-0.4;-0.93;-0.33;-0.558;22.1;29.4;50.2;93.8;62.8;50;1.75;10244283.00;85.19;9608
Laos;LAO;LA;Asia;South-eastern Asia;7000000;230800;36.7;-;0.601;4.62;37.8;27.5;40.9;5710;7;2;2.8;-;2.9;59;11;1.5;79.3;26.3;7;6;6.5;0.43;-0.4;-0.7;-0.88;-1.05;-0.52;41.4;33.1;34.1;86.7;53.6;20;1.78;11933724.59;86.37;1955
Latvia;LVA;LV;Europe;Northern Europe;2000000;62249;34.5;17.1;0.847;6.09;66.1;16;50.6;25710;2.7;0.1;5.8;1429;5.3;828;16;9.9;59;37;2;2;2;0.46;0.9;1.2;0.93;-0.94;0.51;58.9;45.4;68.3;84;73.6;60;5.63;11191675.93;50.17;6975
Lebanon;LBN;LB;Asia;Western Asia;4600000;10230;-;21.9;0.757;5.15;44.8;3.1;85.2;18525;1;-0.8;7.4;1117;-;-;11;6.8;78.2;26.9;6;4;5;-1.59;-0.5;-0.3;-0.82;0.54;-0.534;33.6;20.2;39.7;91.9;53.2;50;3.35;18822369.86;2.60;24070
Lesotho;LSO;LS;Africa;Sub-Saharan Africa;1900000;30355;63.2;16.7;0.52;-;29.5;22.9;7;3601;2.5;7;8.4;251;-;-;11;27.4;23.8;50.4;3;3;3;-0.25;-0.9;-0.3;-0.27;-1;-0.544;52.7;32.9;49.4;48.2;53.9;40;1.46;3084517.73;100.00;2468
Liberia;LBR;LR;Africa;Sub-Saharan Africa;4400000;96320;32;22.2;0.435;4.42;30.6;12.3;3.8;855;0;8.8;15.2;128;-;-;-;4;59.4;36.8;3;3;3;-0.41;-1.4;-1;-0.97;-0.03;-0.762;42.4;32;28.2;77.5;50.9;20;1.20;5254702.09;0.00;935
Libya;LBY;LY;Africa;Northern Africa;6000000;1759540;-;-;0.706;5.65;-;16;55.4;8679;-6.4;27.1;-;-;-;-;-;19.2;0;92.9;7;6;6.5;-2.33;-1.8;-2.2;-1.78;-0.69;-1.76;22.1;23.1;5.2;90.5;-;-;4.33;27128836.27;0.00;56996
Liechtenstein;LIE;LI;Europe;Western Europe;38000;160;-;-;0.916;-;-;12;6.1;160526;1.2;-;-;-;-;-;15;2.4;-;-;2;1;1.5;1.5;1.8;1.5;1.67;-1.59;0.976;-;-;-;-;-;80;-;-;96.86;44
Lithuania;LTU;LT;Europe;Northern Europe;2900000;62680;37.9;21;0.858;6.27;67.4;21.3;86.1;29972;1.6;0.7;6.5;1875;4.5;742;17;9.2;63.9;34.7;1;1;1;0.78;1;1.2;0.99;2.06;1.206;66.7;50.9;73.8;86.4;75.3;70;5.80;16908321.52;39.41;12838
Luxembourg;LUX;LU;Europe;Western Europe;600000;2586;30.4;13.2;0.904;7.06;83.2;28.3;59.9;104003;4.5;0.1;6;6382;4;4762;14;5.9;48.5;41.4;1;1;1;1.34;1.7;1.7;1.74;0.55;1.406;77.9;79;82.7;65.1;76.4;80;12.28;6837411.41;32.38;9659
Macedonia;MKD;MK;Europe;Southern Europe;2100000;25433;33.7;23.4;-;5.23;52.5;34.2;30.3;14597;3.7;-0.2;6.1;857;-;-;13;26.7;70.3;31.5;4;3;3.5;-0.25;0.1;0.5;-0.24;1.99;0.42;57;47.4;64.8;91.6;71.3;60;3.08;6396109.84;35.94;7510
Madagascar;MDG;MG;Africa;Sub-Saharan Africa;26000000;581540;41;-;0.519;4.08;31.1;19.2;37.5;1505;3;6.7;5.2;77;-;-;11;2.1;92.9;15.4;3;4;3.5;-0.33;-1.1;-0.7;-0.86;-1.05;-0.808;21.4;17.8;33.2;90.3;56.8;50;0.98;23019830.18;54.60;3077
Malawi;MWI;MW;Africa;Sub-Saharan Africa;19000000;94080;46.1;22.1;0.477;3.42;32.5;16.7;21.1;1135;3;21.7;9.3;108;4.8;17;11;6.7;70.7;31.3;3;3;3;-0.27;-0.7;-0.8;-0.37;-0.65;-0.558;47.1;28.9;33.1;76.9;52;50;0.82;13760313.35;91.31;1276
Malaysia;MYS;MY;Asia;South-eastern Asia;32000000;328657;46.2;30.3;0.802;-;59.8;10.4;863.3;27267;5;2.1;4;1064;5.2;583;13;3.3;81.3;24.9;4;4;4;0.16;0.8;0.7;0.41;0.03;0.42;65.2;54.8;83.8;85.6;74.5;50;4.42;132244408.70;9.96;242821
Maldives;MDV;MV;Asia;Southern Asia;400000;298;38.4;-;0.717;-;-;5.9;5.5;15553;1.9;0.9;11.5;1514;3.5;314;-;3.2;45.5;42.6;5;5;5;0.26;-0.5;-0.4;-0.62;-0.79;-0.41;38.8;36.6;45;94.3;51.1;30;-;-;1.28;1335
Mali;MLI;ML;Africa;Sub-Saharan Africa;19000000;1220190;40.1;-;0.427;4.74;29.7;8.8;38.1;2266;6.1;-1.8;5.8;118;3.6;31;8;8.1;85.3;22.2;5;4;4.5;-1.91;-0.9;-0.6;-0.78;-0.63;-0.964;32.4;31.4;31.9;68.1;57.6;40;1.54;26279794.89;43.52;1412
Malta;MLT;MT;Europe;Southern Europe;400000;316;28.1;29;0.878;6.68;68.8;11.9;17.3;39834;6.3;0.9;9.6;3471;7.2;1874;15;5.3;51;40.4;1;1;1;1.27;1;1.3;1.14;0.74;1.09;62.8;49.9;68.1;64.7;68.5;60;4.89;2042057.32;7.67;2347
Marshall Islands;MHL;MH;Oceania;Micronesia;53000;181;-;-;0.708;-;-;9.1;-;-;-;-;22.1;863;-;-;-;-;-;-;1;1;1;0.2;-1.6;-1;0.14;0;-0.452;-;-;-;-;-;-;-;-;0.23;103
Mauritania;MRT;MR;Africa;Sub-Saharan Africa;3800000;1030700;37;18;0.52;4.68;28.9;25.2;16.4;4328;1.9;1.5;4.6;177;-;-;9;11.7;72.8;30.1;6;5;5.5;-0.62;-0.7;-0.8;-0.6;-0.75;-0.694;17.6;28.9;23.9;75.9;54;40;2.30;9142996.84;13.37;2710
Mauritius;MUS;MU;Africa;Sub-Saharan Africa;1300000;2030;35.9;27.4;0.79;6.17;60.2;11.6;25.9;20422;3.4;1;5.5;1099;4.9;499;15;7.8;80.7;25.4;1;2;1.5;0.99;0.9;1;0.68;0.2;0.754;69.6;52.1;68.7;91;75.1;70;3.50;4433708.15;22.72;4228
Mexico;MEX;MX;Americas;Latin America and the Caribbean;129000000;1943945;48.2;40.7;0.774;6.41;49.1;42.6;2315.7;18938;2.5;2.8;5.9;1009;5.3;564;13;4;78.1;27;3;3;3;-0.65;0;0.2;-0.57;-0.93;-0.39;39;26.9;58.6;75.7;64.8;60;2.55;319556045.51;15.39;480271
Micronesia;FSM;FM;Oceania;Micronesia;100000;702;61.1;-;0.627;-;-;0;0.3;3234;-0.2;1.3;13.1;458;-;-;-;-;7.4;55.6;1;1;1;1.2;0.1;-1;0.01;0.75;0.212;25.4;38.8;5.2;93.2;52.3;30;5.68;591468.11;1.60;150
Moldova;MDA;MD;Europe;Eastern Europe;3600000;32891;26.8;-;0.7;5.33;48.7;22.8;18.9;5328;-1.1;6.4;10.2;515;7.5;168;12;5;56.7;38;3;3;3;-0.24;-0.5;0;-0.41;-0.8;-0.39;26.3;26.6;53.5;85.3;58.4;50;1.93;7848967.25;5.37;4932
Monaco;MCO;MC;Europe;Western Europe;39000;2;-;-;-;-;-;20.8;-;-;-;-;2;3407;1;-;-;-;-;-;3;1;2;1.65;-;-;-;-;1.65;-;-;-;-;-;-;-;-;0.00;0
Mongolia;MNG;MN;Asia;Eastern Asia;3000000;1553556;34;14.3;0.741;5.33;50.6;17.1;37;12275;2.3;0.5;3.9;470;4.7;197;15;6.7;57.1;37.8;1;2;1.5;0.82;-0.3;-0.1;-0.3;-0.45;-0.066;30.9;34.8;51;88.4;55.7;60;9.50;27643386.58;3.08;20840
Montenegro;MNE;ME;Europe;Southern Europe;600000;13452;31.9;25.1;0.814;5.61;-;23.5;10.4;16643;4.1;-0.4;6;957;-;-;15;17.5;35.7;46.3;3;3;3;0.01;0.2;0.3;0.01;-0.09;0.086;51.3;38.1;54.2;85.2;64.3;50;3.42;2136436.87;49.65;2211
Morocco;MAR;MA;Africa;Northern Africa;36000000;446300;40.9;32.7;0.667;5.31;45.8;20.5;281.8;8330;4.5;1.6;5.5;435;-;-;12;10;70.5;31.4;5;5;5;-0.41;-0.2;-0.2;-0.17;-0.13;-0.222;44.3;41.3;53.8;70.5;61.9;70;1.75;59347260.92;14.31;59864
Mozambique;MOZ;MZ;Africa;Sub-Saharan Africa;30000000;786380;45.6;23.7;0.437;4.28;26.7;39.6;34.9;1215;6.3;19.2;5.4;64;-;-;10;24.4;60.7;36.2;4;4;4;-0.98;-0.9;-0.7;-1.01;-0.86;-0.89;36.3;28.2;35.4;70.6;46.3;50;0.87;23669668.74;86.41;8427
Myanmar;MMR;MM;Asia;South-eastern Asia;53000000;676575;-;24.7;0.578;4.15;37;10.2;304.7;5832;7;7;4.9;267;-;-;-;0.8;84.7;22.6;5;5;5;-1.08;-1.1;-0.8;-0.95;-0.56;-0.898;17.6;28.2;32.5;86.3;53.9;20;1.55;82757003.29;58.85;21632
Namibia;NAM;NA;Africa;Sub-Saharan Africa;2300000;823290;59.7;21.6;0.647;4.44;39.1;41.3;26;11290;4.5;6.7;8.9;942;-;-;-;25.6;50.4;40.7;2;2;2;0.65;0.2;-0.2;0.24;0.32;0.242;54.2;45.4;56.6;63;58.5;40;2.09;5013797.03;97.79;3755
Nauru;NRU;NR;Oceania;Micronesia;14000;21;-;-;-;-;-;10.5;-;-;-;-;4.8;1064;-;-;9;-;-;-;2;2;2;0.57;-0.4;-1.1;-0.73;-0.47;-0.426;-;-;-;-;-;-;-;-;0.40;48
Nepal;NPL;NP;Asia;Southern Asia;29000000;143351;32.8;30.5;0.574;4.74;41.7;29.6;71.5;2479;3.4;9.9;6.1;151;4;28;12;3.2;87.6;20.3;3;4;3.5;-0.66;-0.9;-0.7;-0.68;-0.75;-0.738;36.2;24.6;37.5;84.2;54.1;30;1.03;28916948.79;100.00;8031
Netherlands;NLD;NL;Europe;Western Europe;17000000;33893;30.3;35.3;0.931;7.46;80.3;36;869.4;51049;1.9;0.1;10.7;5313;5.5;2884;18;6.2;39.1;45;1;1;1;0.92;1.9;2.1;1.83;1.87;1.724;74.1;86;87.9;52.5;76.2;80;5.92;99917144.04;12.44;167303
New Zealand;NZL;NZ;Oceania;Australia and New Zealand;4700000;264537;36.2;31.3;0.917;7.33;78.6;34.2;177;37294;3.4;0.6;9.3;3530;6.4;2832;19;5.2;49.5;41;1;1;1;1.59;1.8;2.1;1.92;2.24;1.93;88.4;95.7;95.1;70.5;84.2;80;-;-;80.08;34664
Nicaragua;NIC;NI;Americas;Latin America and the Caribbean;6000000;119990;47.1;38.7;0.658;6.48;43.5;45.7;33.6;5452;4.5;3.1;7.8;406;-;-;-;5.9;80;25.8;5;4;4.5;-0.05;-0.6;-0.7;-0.64;-0.87;-0.572;19;24.2;29.8;77.2;58.9;50;1.48;8871883.87;50.05;4862
Niger;NER;NE;Africa;Sub-Saharan Africa;21000000;1266700;34;16.8;0.354;4.62;-;17;20.1;1107;4;1.1;7.2;68;6.7;29;5;2.6;72.9;30.1;4;4;4;-1.3;-0.7;-0.7;-0.68;-0.65;-0.806;32.6;30.4;37.4;73.3;49.5;40;1.76;33548035.33;0.75;2127
Nigeria;NGA;NG;Africa;Sub-Saharan Africa;191000000;910768;48.8;22.2;0.532;5.32;26.5;5.6;1091.2;5942;2.7;15.7;3.6;215;-;-;9;5;96.3;11;3;5;4;-1.94;-1;-0.9;-0.87;-1.07;-1.156;39.6;14.4;38;84.4;58.5;40;1.12;197940185.75;18.20;96281
North Korea;PRK;KP;Asia;Eastern Asia;25000000;120408;-;-;-;-;-;16.3;15.1;-;1;-;-;-;-;-;11;4.3;0;-;7;7;7;-0.48;-1.7;-2.3;-1.71;0.39;-1.16;5;25.2;29.8;0;5.8;0;2.87;71891829.24;72.80;40528
Norway;NOR;NO;Europe;Northern Europe;5000000;304282;26.8;36.8;0.953;7.58;85.3;39.6;364.4;69250;1.6;3.6;10;6222;7.7;7466;18;4.8;29.2;48.6;1;1;1;1.15;2;1.8;2.02;2.24;1.842;86;93.6;86.4;56.4;74.3;60;6.03;31056398.95;97.71;47627
Oman;OMN;OM;Asia;Western Asia;4000000;309500;-;21.1;0.821;-;62.1;1.2;184.8;46698;4.1;1.1;2.7;1636;-;-;14;17.5;25;50;6;5;5.5;0.74;0.2;0.4;0.43;0.25;0.404;57.4;51.5;59.5;98.5;61;60;6.32;26753905.88;0.00;61169
Pakistan;PAK;PK;Asia;Southern Asia;197000000;770875;30.7;31.5;0.562;5.83;27.9;20.6;988.2;5106;4.2;2.9;2.7;134;2.5;32;8;5.9;88.2;19.8;4;5;4.5;-2.4;-0.6;-0.6;-0.72;-0.78;-1.02;34;27.3;36;78.5;54.4;40;0.79;145937108.60;31.43;166298
Palau;PLW;PW;Oceania;Micronesia;22000;459;-;-;0.798;-;-;12.5;-;-;-;-;10.6;1611;-;-;17;-;-;-;1;1;1;0.94;-0.2;-0.6;0.28;-0.47;-0.00999999999999999;-;-;-;-;-;-;-;-;0.00;260
Panama;PAN;PA;Americas;Latin America and the Caribbean;4000000;74340;50.7;39.5;0.789;6.57;54.5;18.3;92.9;23024;5.8;0.7;7;1543;-;-;13;5.8;84.1;23.1;2;2;2;0.39;0;0.4;0.04;-0.54;0.058;29.4;38.8;60.9;85;67;70;2.32;8991536.79;65.33;8801
Papua New Guinea;PNG;PG;Oceania;Melanesia;8000000;452860;50.9;-;0.544;-;-;0;28;3541;9;6.9;3.8;99;-;-;-;2.5;82;24.5;3;3;3;-0.58;-0.7;-0.7;-0.82;-0.9;-0.74;55.1;33.1;38;71.1;55.7;30;1.85;13801862.84;34.53;6318
Paraguay;PRY;PY;Americas;Latin America and the Caribbean;7000000;397302;51.7;23.3;0.702;-;46.2;13.8;64.4;9396;3;4.1;7.8;724;-;-;12;5.4;82.2;24.4;3;3;3;0.12;-0.8;-0.2;-0.65;-0.72;-0.45;28.2;28.3;38.3;96.1;62.1;60;3.68;24085320.14;100.00;5702
Peru;PER;PE;Americas;Latin America and the Caribbean;32000000;1279996;45.3;34.6;0.75;5.71;49.3;27.7;406.2;12903;3.3;3.6;5.3;671;3.7;240;13;4.9;85.6;21.9;2;3;2.5;-0.26;-0.1;0.4;-0.5;-0.5;-0.192;33.5;36.6;56.9;80.6;68.7;60;2.29;71059645.76;52.73;61745
Philippines;PHL;PH;Asia;South-eastern Asia;105000000;298170;44.4;35;0.699;5.59;44.5;29.5;805.2;7728;5.8;1.8;4.4;323;-;-;13;5.9;89.3;18.9;3;3;3;-1.24;-0.1;0;-0.41;-0.48;-0.446;38.2;34.4;45;78.9;65;60;1.10;109477850.48;25.41;105654
Poland;POL;PL;Europe;Eastern Europe;38000000;304255;30.8;27.5;0.865;6.2;67.7;28;1054.1;27764;3.6;-0.6;6.3;1704;4.9;705;16;6.2;47.8;41.7;1;2;1.5;0.52;0.6;0.9;0.47;0.73;0.644;56.6;50.9;61.8;75.9;68.5;70;4.44;171573971.21;13.80;285740
Portugal;PRT;PT;Europe;Southern Europe;10000000;91470;33.9;24.8;0.847;5.71;70.8;34.8;298.7;28933;1.5;0.6;9;2661;5.1;1131;17;11.2;29.8;48.4;1;1;1;1.08;1.3;0.9;1.13;0.87;1.056;70.1;56.8;69.2;59.8;63.4;60;3.69;38362396.84;47.53;45053
Qatar;QAT;QA;Asia;Western Asia;2600000;11586;-;-;0.856;-;70.8;0;329.2;127660;3.3;2.7;2.7;3900;3.6;3131;13;0.2;60.2;36.4;6;5;5.5;0.55;0.7;0.4;0.72;0.73;0.62;59.8;71.6;70.3;99.6;72.6;60;15.65;34001388.64;0.00;107854
Romania;ROU;RO;Europe;Eastern Europe;20000000;229891;27.3;28.8;0.811;6.09;60;20.7;441.6;22348;3.7;-1.6;10.6;1090;3.1;313;15;6.4;66.9;33.2;2;2;2;0.06;-0.2;0.5;0.39;-0.03;0.144;59.7;40;61;87.3;69.4;50;2.80;54995486.74;39.75;70003
Russia;RUS;RU;Europe;Eastern Europe;144000000;16377742;41.2;18.7;0.816;5.58;57;15.8;3799.7;26490;-3.7;7;7;1414;-;-;15;5.7;62.5;35.3;7;6;6.5;-0.67;-0.1;-0.5;-0.79;-0.89;-0.59;46.9;38.1;48.7;85.8;58.2;30;5.57;798644232.23;15.86;1705346
Rwanda;RWA;RW;Africa;Sub-Saharan Africa;12000000;24668;50.4;19.6;0.524;-;38;61.3;22.8;1977;6.9;5.7;3.8;143;-;-;11;2.5;77.7;27.2;6;6;6;0.04;0.3;0.2;0.13;0.63;0.26;79.6;61.2;69.8;75.8;69.1;40;0.78;8792288.11;56.89;840
St. Kitts and Nevis;KNA;KN;Americas;Latin America and the Caribbean;55000;261;-;-;0.778;-;-;13.3;-;-;-;-;5.6;1443;-;-;-;-;-;-;1;1;1;0.64;0.6;0.6;0.53;0.51;0.576;-;-;-;-;-;-;-;-;4.57;231
St. Lucia;LCA;LC;Americas;Latin America and the Caribbean;200000;606;-;-;0.747;-;-;16.7;2.1;11783;1.6;-1.7;6;681;4.3;381;-;19.8;72.4;30.3;1;1;1;1.15;0.3;0.3;0.6;0.59;0.588;69.2;50.9;67.9;75.5;67.6;40;2.05;376718.99;0.00;407
St. Vincent and the Grenadines;VCT;VC;Americas;Latin America and the Caribbean;100000;389;-;-;0.723;-;-;13;1.2;11271;1.6;-0.1;4.2;470;-;-;-;19.3;72.7;30.1;1;1;1;0.9;0.3;0.3;0.43;0.72;0.53;69.2;51.5;36.7;72.7;67.7;40;-;-;15.66;209
Samoa;WSM;WS;Oceania;Polynesia;200000;2821;-;-;0.713;-;-;10;1.1;5553;1.7;0.1;7.8;336;-;-;-;7.2;55.1;38.7;2;2;2;1.2;0.6;-0.1;0.87;0.66;0.646;38.8;40.1;53.1;79.9;61.5;30;2.39;457754.61;30.35;198
San Marino;SMR;SM;Europe;Southern Europe;33000;61;-;-;-;-;-;26.7;-;-;-;-;5.3;3675;-;-;15;-;-;-;1;1;1;0.94;-;-;-;-;0.94;-;-;-;-;-;-;-;-;0.00;0
Sao Tome and Principe;STP;ST;Africa;Sub-Saharan Africa;200000;964;30.8;-;0.589;-;-;18.2;0.6;3072;4;5.4;4.4;308;3.7;68;13;13.6;69.5;31.9;2;2;2;0.22;-0.8;-0.8;-0.68;0.14;-0.384;28.2;39.4;38;82;53.6;30;1.79;332767.00;10.47;114
Saudi Arabia;SAU;SA;Asia;Western Asia;33000000;2149690;45.9;-;0.853;6.29;62.6;19.9;1750.9;55158;3.4;3.5;6.3;3121;-;-;16;5.5;52;40;7;7;7;-0.62;0.3;0;0.1;0.36;0.028;60.2;49.9;53.1;99.7;59.6;50;6.00;185400210.87;0.00;601047
Senegal;SEN;SN;Africa;Sub-Saharan Africa;16000000;192530;40.3;21.9;0.505;4.68;38.4;41.8;39.7;2577;6.5;0.9;9;97;7.4;78;9;9.5;72.7;30.2;2;2;2;-0.04;-0.3;-0.2;-0.15;-0.09;-0.156;40.4;42.6;41.3;68.5;55.7;40;1.11;16315809.05;10.42;8856
Serbia;SRB;RS;Europe;Southern Europe;7000000;77474;38.7;29;0.787;5.12;54.9;34.4;101.8;14493;0.7;1.1;9.4;1324;4.2;259;15;16.5;40.6;44.5;3;2;2.5;0.1;0.2;0;-0.19;-0.37;-0.052;48.2;36.5;46.2;83.5;62.5;50;2.92;25955626.24;26.91;37667
Seychelles;SYC;SC;Africa;Sub-Saharan Africa;100000;455;-;-;0.797;-;59.1;21.2;2.6;27602;4.4;-1;3.4;867;-;-;14;-;63;35.1;3;3;3;0.68;0.4;-0.2;0.1;0.68;0.332;38.8;38.8;60.7;73.4;61.6;30;-;-;2.38;495
Sierra Leone;SLE;SL;Africa;Sub-Saharan Africa;8000000;71620;34;15.3;0.419;4.09;32.9;12.4;10.8;1672;-21.5;11.3;18.3;256;2.7;19;-;3;89.8;18.4;3;3;3;0.03;-1.2;-0.9;-0.79;-0.59;-0.69;29.6;22;33.6;79.9;51.8;20;1.23;7748477.08;60.98;1309
Singapore;SGP;SG;Asia;South-eastern Asia;6000000;709;45.9;-;0.932;6.38;81.8;23;492.6;87855;2;-0.5;4.3;3681;-;-;13;1.8;90.6;17.7;4;4;4;1.59;2.2;2.1;1.82;2.13;1.968;90.9;91.2;98.4;90.4;88.8;80;5.86;32254233.55;1.82;56373
Slovakia;SVK;SK;Europe;Eastern Europe;5000000;48105;23.7;28.2;0.855;6.37;67.4;20;170.1;31339;3.6;-0.5;6.9;2062;4.2;788;15;10;44.3;43.1;1;1;1;0.88;0.8;0.8;0.57;0.22;0.654;38.8;38.2;68.2;78.9;65.3;70;4.20;22751855.36;22.68;30678
Slovenia;SVN;SI;Europe;Southern Europe;2100000;20151;24.4;24.6;0.896;6.17;72.6;36.7;66.2;32085;2.9;-0.1;8.5;2734;5.3;1281;17;8.7;31.2;47.9;1;1;1;0.89;1.2;0.6;1.02;0.81;0.904;57.7;52.1;76.6;58.7;64.8;50;4.68;9659816.31;29.39;12812
Solomon Islands;SLB;SB;Oceania;Melanesia;600000;27986;-;-;0.546;-;-;2;1.2;1973;3.3;0.4;8;173;-;-;-;31.4;35.6;46.3;3;2;2.5;0.21;-1;-0.8;-0.21;0.11;-0.338;57.3;36.8;49.4;65.5;57.5;30;-;-;2.26;202
Somalia;SOM;SO;Africa;Sub-Saharan Africa;15000000;627337;-;-;-;-;-;24.4;5.9;-;3.7;-;-;-;-;-;-;6.6;-;-;7;7;7;-2.33;-2.2;-2.3;-2.31;-1.72;-2.172;25.4;17.8;33.1;-;-;-;1.21;12714361.21;0.00;609
South Africa;ZAF;ZA;Africa;Sub-Saharan Africa;57000000;1214470;62.5;15.9;0.699;4.51;38.5;42;739.4;13225;1.3;6.3;8.2;1086;6;389;13;25.9;68.1;32.6;2;2;2;-0.27;0.3;0.2;-0.01;-0.01;0.042;65.9;45.4;67.7;62.5;63;50;3.42;184324931.93;2.26;489772
South Korea;KOR;KR;Asia;Eastern Asia;51000000;96920;35.7;24.8;0.903;5.87;-;17;1934;37740;2.6;1;7.4;-;5.1;1406;17;3.7;68.8;32.3;2;2;2;0.29;1.1;1.1;1.16;-1.48;0.434;63.7;49.9;79.4;73.3;73.8;70;5.82;291218477.61;1.89;587156
South Sudan;SSD;SS;Africa;Sub-Saharan Africa;13000000;644329;46;-;0.388;2.82;-;28.5;-;-;-;-;2.5;71;1.7;22;-;-;-;-;7;7;7;-2.46;-2.5;-1.9;-1.94;-1.71;-2.102;-;-;-;-;-;-;1.54;18368134.68;0.61;1496
Spain;ESP;ES;Europe;Southern Europe;47000000;498980;35.9;36;0.891;6.23;71.8;39.1;1686.9;36416;3.2;-0.2;9.2;3183;4.3;1268;18;19.4;42.8;43.68;1;1;1;0.27;1;0.9;1.01;0.49;0.734;62;51.5;73.1;62;65.1;70;3.81;176061780.63;34.95;233977
Sri Lanka;LKA;LK;Asia;Southern Asia;21000000;64630;39.2;33.8;0.77;4.33;49.3;5.8;260.6;12262;5.2;3.7;3;353;1.9;74;14;5;89.3;18.86;3;4;3.5;-0.06;-0.2;-0.1;0.06;-0.45;-0.15;52;30.7;46.5;84.9;57.8;40;1.53;31587677.28;48.48;18394
Sudan;SDN;SD;Africa;Northern Africa;41000000;1861484;-;-;0.502;-;26.5;30.5;176.1;4447;3.5;17.8;6.3;277;-;-;7;13.3;95.3;12.48;7;7;7;-2.01;-1.4;-0.6;-1.11;-1.54;-1.332;21.4;21.2;27.8;85.9;49.4;20;1.22;47941508.32;64.54;15365
Suriname;SUR;SR;Americas;Latin America and the Caribbean;600000;156000;-;25.4;0.72;-;52.7;25.5;7.9;13988;0.1;55.5;6.5;1017;-;-;-;10;76.4;28.07;2;2;2;0.14;-0.6;-0.5;-0.15;-0.17;-0.256;21.4;39.9;39.7;71.4;48.1;30;3.64;1956741.24;60.05;1991
Sweden;SWE;SE;Europe;Northern Europe;10000000;410335;24.9;28;0.933;7.29;81.9;43.6;498.1;49836;4.1;1.1;11;5299;7.7;4546;18;7.1;23.2;50.58;1;1;1;0.98;1.8;1.8;1.94;2.14;1.732;88.2;92.9;92.6;43.9;76.3;80;6.59;63954655.28;63.26;43421
Switzerland;CHE;CH;Europe;Western Europe;8000000;39997;29.5;34.3;0.944;7.47;83.8;32.5;496;59561;0.9;-0.4;12.1;7583;5.1;4375;16;4.6;65.4;33.97;1;1;1;1.21;2.1;1.9;1.93;1.99;1.826;82.1;82.8;84.2;70.5;81.7;90;4.85;39828806.54;62.20;35306
Syria;SYR;SY;Asia;Western Asia;18000000;183630;-;19.1;0.536;-;-;13.2;21;-;-4.8;44.5;-;-;-;-;9;14.3;-;-;7;7;7;-2.63;-1.8;-1.8;-2.09;-1.56;-1.976;22.1;23.1;36.7;-;-;-;1.46;27418663.15;2.31;30704
Taiwan;TWN;TW;Asia;Eastern Asia;24000000;32260;33.6;-;-;6.36;-;-;1132.1;48095;0.7;1.4;6.9;-;-;-;-;4;90.4;17.85;1;1;1;0.89;1.27;1.37;1.14;0.96;1.126;69.2;70.9;84.3;76.1;76.6;60;-;-;-;-
Tajikistan;TJK;TJ;Asia;Central Asia;9000000;141510;32.6;34.2;0.65;5.83;41.3;19;26;3008;3;5.9;6.1;193;-;-;11;10.8;71.4;30.87;7;6;6.5;-0.67;-1.1;-1.1;-1.35;-1.33;-1.11;50.3;38.2;46.8;91.8;58.3;30;0.97;8034083.18;98.47;5189
Tanzania;TZA;TZ;Africa;Sub-Saharan Africa;57000000;885800;37.6;22.1;0.538;3.35;36;36.4;149.8;3080;7;5.2;3.8;96;3.5;32;8;2.6;89.8;18.45;4;4;4;-0.58;-0.6;-0.6;-0.45;-0.48;-0.542;34.7;31.8;38;79.8;59.9;50;1.47;76011485.86;34.15;11562
Thailand;THA;TH;Asia;South-eastern Asia;69000000;510890;44.5;37.3;0.755;5.94;52.4;4.8;1164.929;16888;2.8;0.2;3.1;610;-;-;16;0.6;85.5;21.98;6;5;5.5;-0.76;0.4;0.1;0.04;-0.39;-0.122;45.3;34.7;48.6;81.3;67.1;60;2.49;168803649.20;8.54;316213
Timor-Leste;TLS;TL;Asia;South-eastern Asia;1200000;14874;31.9;-;0.625;-;-;32.3;5;4187;4.3;-1.3;3.1;141;-;-;13;4;30.9;48;2;3;2.5;0.03;-1;-0.7;-1.17;-0.54;-0.676;13.8;32;29.9;97.4;48.1;20;0.57;655478.98;0.00;469
Togo;TGO;TG;Africa;Sub-Saharan Africa;8000000;54385;46;13.2;0.503;4.36;34.9;17.6;11.6;1550;5.3;0.9;6.6;96;4.9;30;12;6.8;73.3;29.8;4;4;4;-0.74;-1.1;-0.8;-0.71;-0.71;-0.812;28.2;31.4;32.7;64.3;47.8;30;1.11;7874870.92;75.31;2622
Tonga;TON;TO;Oceania;Polynesia;100000;717;-;-;0.726;-;-;3.8;0.6;5387;2.6;1.4;5.9;324;-;-;-;4.9;68.7;32.3;2;2;2;0.79;-0.2;-0.4;0.31;-0.16;0.068;25.4;40.5;62.1;85.4;63.1;20;3.30;348646.11;5.91;121
Trinidad and Tobago;TTO;TT;Americas;Latin America and the Caribbean;1400000;5128;-;15.7;0.784;6.19;58.7;31;43.6;31870;-1.8;3.4;6;2204;-;-;-;3.9;54.4;39;2;2;2;0.29;0.3;0;-0.11;-0.36;0.024;49.8;33.1;54.9;83.5;57.7;50;6.69;9060949.71;0.00;46274
Tunisia;TUN;TN;Africa;Northern Africa;12000000;155360;40;26.2;0.735;4.12;49.3;31.3;130.6;11634;0.8;3.7;6.7;774;-;-;15;14.8;75.5;28.6;2;3;2.5;-1.05;-0.1;-0.4;0.07;-0.11;-0.318;41.7;36.8;49.4;73;58.9;30;2.17;24178577.03;2.84;28830
Turkey;TUR;TR;Asia;Western Asia;81000000;769632;40.2;26.4;0.791;5.61;53.3;14.6;1988.3;24912;3.8;7.8;4.1;996;4.4;530;16;10.3;68.1;32.6;5;6;5.5;-1.8;0.1;0;-0.25;-0.19;-0.428;54.5;42;54.7;74.7;65.4;60;3.21;248685538.98;31.96;345981
Turkmenistan;TKM;TM;Asia;Central Asia;6000000;469930;40.8;14.6;0.706;5.23;-;25.8;95.5;17485;6.5;3.5;6.3;1004;-;-;11;8.6;92.2;16.1;7;7;7;-0.15;-1.2;-2;-1.49;-1.48;-1.264;5;27.3;29.8;95.9;47.1;10;5.56;29524315.31;0.00;68423
Tuvalu;TUV;TV;Oceania;Polynesia;11000;26;-;-;-;-;-;6.7;-;-;-;-;15;523;-;-;-;-;-;-;1;1;1;1.27;-0.7;-0.8;0.56;0.06;0.078;-;-;-;-;-;-;-;-;28.17;11
Uganda;UGA;UG;Africa;Sub-Saharan Africa;43000000;197100;39.5;19.4;0.516;4;30.9;34.3;85;2068;5;5.5;7.3;139;2.3;16;10;2.3;90.9;17.4;6;4;5;-0.56;-0.6;-0.2;-0.3;-1.04;-0.54;40.3;28.3;43.5;73;62;40;1.19;44846451.34;92.95;5229
Ukraine;UKR;UA;Europe;Eastern Europe;45000000;579330;25.5;26.4;0.751;4.31;52.5;12.3;353;8305;-9.9;13.9;6.1;469;5.9;173;15;8.9;45;42.8;3;3;3;-1.89;-0.5;-0.3;-0.71;-0.78;-0.836;29.5;29;41;80.2;51.9;30;2.96;133387177.71;4.38;227299
United Arab Emirates;ARE;AE;Asia;Western Asia;9000000;83600;-;-;0.863;7.04;70.4;22.5;668.9;67871;3.9;1.8;3.5;2426;-;-;-;3.7;70.9;31.2;7;6;6.5;0.63;1.4;1;0.8;1.13;0.992;83.4;77.3;76.3;98.4;77.6;60;9.75;88613311.58;0.23;211370
United Kingdom;GBR;GB;Europe;Northern Europe;66000000;241930;32.4;31.9;0.922;7.1;74.6;32;2785.6;42481;2.2;0.6;9.9;4145;5.7;2664;18;4.8;44.4;43;1;1;1;0.26;1.4;1.7;1.68;1.84;1.376;93.8;79;92.2;65.2;78;80;4.80;308739816.66;24.84;419820
United States;USA;US;Americas;Northern America;326000000;9147593;45;20.7;0.924;6.99;76;19.4;18569.1;57436;2.4;1.3;16.8;9536;5;2729;17;4.9;56.5;38.1;2;1;1.5;0.3;1.6;1.6;1.64;1.38;1.304;76.9;71.9;79.3;65.1;75.7;80;8.37;2672526804.25;13.23;5254279
Uruguay;URY;UY;Americas;Latin America and the Caribbean;3500000;175015;41.6;36.1;0.804;6.34;64.2;20.2;74.9;21527;1.5;9.6;9.2;1748;-;-;16;8.2;68.6;32.4;1;1;1;1.06;0.4;0.7;0.59;1.29;0.808;67;71.6;69.3;78;69.2;30;2.98;10194212.94;88.56;6747
Uzbekistan;UZB;UZ;Asia;Central Asia;32000000;425400;36.8;29.1;0.71;6.42;43.1;16;205.7;6563;8;8;6.2;383;-;-;12;8.9;65.5;33.9;7;7;7;-0.28;-0.6;-1.3;-1.11;-1.16;-0.89;35.3;24.2;48.7;91;51.5;10;2.17;63970486.28;20.65;105214
Vanuatu;VUT;VU;Oceania;Melanesia;300000;12189;-;40.6;0.603;-;-;0;0.7;2631;-0.8;2.2;3.5;106;4.9;3;-;5.4;78.5;26.8;2;2;2;0.71;-0.9;-0.3;0.49;0.01;0.00199999999999999;47.1;75.4;67.9;97;69.5;40;3.80;982778.36;21.26;154
Venezuela;VEN;VE;Americas;Latin America and the Caribbean;32000000;882050;39;33.6;0.761;-;43.1;22.2;427;13761;-5.7;254.9;3.2;579;-;-;14;6.9;57.3;37.7;6;5;5.5;-1.18;-1.4;-2;-2.26;-1.36;-1.64;13.8;7.5;5.2;72.5;25.2;10;3.27;100406892.23;63.70;185220
Vietnam;VNM;VN;Asia;South-eastern Asia;96000000;310070;34.8;40.3;0.694;5.18;50.8;26.7;595.5;6429;6.7;2.7;5.7;334;-;-;-;2.2;74;29.4;7;5;6;0.31;0;-0.4;0.07;-0.58;-0.12;36.3;30.4;46.4;79.7;53.1;40;1.73;160268818.57;36.73;166911
Yemen;YEM;YE;Asia;Western Asia;28000000;527968;37.9;22.8;0.452;3.25;23.9;0;69.2;2375;-28.1;5;6;144;-;-;-;17.1;80.9;25.2;7;6;6.5;-2.96;-1.9;-1.5;-1.75;-1.59;-1.94;16.63;21.2;17.88;-;-;-;1.01;26391326.84;0.00;22699
Zambia;ZMB;ZM;Africa;Sub-Saharan Africa;17000000;743398;57.5;25.2;0.588;3.93;33.2;18;64.9;3880;3.6;17.9;5.4;203;-;-;-;7.5;80.2;25.7;4;4;4;0.11;-0.6;-0.5;-0.33;-0.54;-0.372;40.6;36.3;46;72.1;54.3;50;0.95;14997473.78;96.99;4503
Zimbabwe;ZWE;ZW;Africa;Sub-Saharan Africa;17000000;386847;43.2;22.1;0.535;3.64;29.7;32.6;28.6;1970;1.5;-1.6;10.3;182;7.5;78;10;5.1;72;30.6;6;5;5.5;-0.77;-1.2;-1.6;-1.38;-1.27;-1.244;33;18.9;27.6;61.1;44;10;1.09;16589564.28;52.72;12020
